{"PROFILES": [{"PROFILE_CODE":"CUSTOM_PROF","PROFILE_DESC":"Custom Profile","PROFILE_TYPE":"MAIN","PROFILE_CONTENT":"<div class='Profile' style='position: relative;height:100%;width:100%'><div id='concg0002c001' ng-controller ='concg0002c001' ng-keydown='KEY_DOWN($event)' ng-keyup='KEY_UP($event)' tabindex='0' class='Profile-container' style='top: 0%; height: 50%; left: 0%; width: 50%;'><dircg0002c001 ></dircg0002c001></div><div ng-controller ='dpsinit' style='display:None'></div><div  ng-controller ='dpsraise' style='display:None'></div><div ng-controller ='dsinfo' style='display:None'></div><div ng-controller ='actions' style='display:None'></div></div>","PROFILE_UICGCS" : [{ "UICGC_CODE" : "UICGC_1","LEFT" : "0%", "TOP" : "0%", "HEIGHT" : "50%", "WIDTH" : "50%", "CONTROLLER_ID" : "concg0002c001" }] }]}